item_id,title,genres,description,release_year
1,Golden Laser,sci-fi,secret world story secret wormhole orbit life colony wormhole galaxy orbit world,2021
2,Golden Ambition,drama,life secret courtroom immigrant journey life secrets family ambition reunion ambition first,2023
3,Final Hardship,drama|comedy,sitcom sacrifice courtroom reunion sacrifice hilarious sitcom chaos immigrant immigrant ambition reunion,2006
4,Golden Expedition,documentary,history science interviews archive reality explores explores expedition journey city unexpected unexpected,2012
5,Last Wormhole,sci-fi|documentary,cyborg starbase orbit archive alien cyborg laser colony journey unexpected cyborg world,2020
6,Midnight Wildlife,documentary|thriller,archive explores civilization expedition archive spy suspect archive history ocean footage investigation,2019
7,Hollow Sword,fantasy|romance,prophecy first sword quest story enchanted wizard realm unexpected sword enchanted sword,2014
8,Hidden Kiss,romance,story kiss destiny journey world first affair first heartbreak destiny life first,2025
9,Silent Redemption,drama,redemption journey struggle secrets first last last ambition life unexpected grief life,2025
10,Final Musical,animation|fantasy,dungeon adventure rainbow village playful secret colorful adventure friendship kingdom friendship sword,2014
11,Burning Dragon,fantasy,story realm sword legend kingdom unexpected city world prophecy sword realm kingdom,2008
12,Hidden Slapstick,comedy,unexpected unexpected banter journey unexpected awkward quirky parody prank mishap first parody,2010
13,Rising Sword,fantasy,first kingdom elf journey legend journey kingdom quest sword dragon wizard dragon,2022
14,Hidden Spy,thriller|animation,city city conspiracy heist heist hostage conspiracy spy adventure assassin cipher musical,2026
15,Golden Courtship,romance,affair secret wedding tender engagement passion soulmate letters letters courtship courtship letters,2020
16,Final Realm,fantasy,world wizard quest unexpected night wizard prophecy story world first kingdom prophecy,2006
17,Final Awkward,comedy|animation,journey wacky playful secret chaos banter awkward awkward sitcom sitcom playful wacky,2008
18,Burning Toy,animation|drama,adventure reunion ambition reunion life inheritance friendship friendship adventure city colorful courtroom,2025
19,Fallen Tender,romance,affair story secret kiss engagement letters city wedding unexpected tender letters destiny,2022
20,Golden Hilarious,comedy,journey wacky parody story night chaos parody sitcom journey hilarious first hilarious,2006
21,Silent Wildlife,documentary,ocean world story journey secret unexpected investigation civilization city history explores story,2010
22,Distant Orbit,sci-fi,cyborg spaceship laser unexpected cyborg wormhole journey orbit wormhole alien journey alien,2020
23,Lost Letters,romance,soulmate passion courtship tender wedding soulmate letters tender courtship tender soulmate kiss,2015
24,Distant Quest,fantasy,sorcerer city night sorcerer wizard sword prophecy wizard secret last sword world,2023
25,Electric Chase,thriller|comedy,spy spy betrayal assassin conspiracy manhunt chaos spy heist suspect betrayal first,2014
26,Crimson Love,romance,secret courtship passion heartbreak passion journey first city night wedding kiss story,2015
27,Wild Assassin,thriller|romance,journey suspect heist cipher suspect hostage heartbreak betrayal soulmate soulmate conspiracy spy,2023
28,Crimson Letters,romance,unexpected letters engagement life courtship destiny wedding night soulmate kiss heartbreak night,2011
29,Burning Kingdom,fantasy|drama,sorcerer realm last prophecy inheritance hardship night secret sword realm legend night,2008
30,Silent Tender,romance,night courtship destiny affair last unexpected love affair destiny last world love,2013
31,Midnight Orbit,sci-fi,night secret life wormhole galaxy night future city wormhole unexpected world world,2022
32,Hidden Explores,documentary|comedy,ocean science explores civilization mishap slapstick reality science history last civilization archive,2015
33,Rising Soulmate,romance|sci-fi,courtship heartbreak tender soulmate engagement future tender world destiny life tender passion,2005
34,Electric Tender,romance|thriller,kiss story kiss suspect affair tender cipher manhunt spy heartbreak destiny hostage,2016
35,Broken Friendship,animation|thriller,secret adventure toy cartoon musical friendship puppy magical chase animals animals magical,2014
36,Midnight Investigation,documentary|sci-fi,science interviews alien orbit expedition explores alien civilization life archive alien ocean,2008
37,Burning Starbase,sci-fi|animation,wormhole spaceship alien android cyborg starbase city laser playful starbase city alien,2006
38,Golden Affair,romance,destiny affair destiny courtship engagement love passion journey life passion journey soulmate,2019
39,Golden Inheritance,drama|documentary,city secrets story grief journey unexpected immigrant reunion family grief ocean family,2010
40,Golden Archive,documentary|animation,wildlife science toy civilization rainbow reality reality cartoon archive interviews night magical,2012
41,Crimson Animals,animation|comedy,journey world animals banter village adventure chaos quirky toy night parody cartoon,2021
42,Silent Assassin,thriller,conspiracy first spy assassin suspect conspiracy night conspiracy heist ransom detective story,2026
43,Wild Sacrifice,drama|fantasy,prophecy hardship secrets courtroom ambition redemption struggle legend hardship struggle redemption secret,2007
44,Electric Adventure,animation,city cartoon animals toy secret puppy cartoon friendship life city village magical,2005
45,Broken Reality,documentary|comedy,reality secret history banter wildlife wildlife awkward city explores civilization wildlife investigation,2024
46,Broken Laser,sci-fi,wormhole colony orbit colony journey starbase future future android colony journey starbase,2015
47,Electric Puppy,animation,magical journey last village journey toy cartoon night night last world friendship,2005
48,Silent Banter,comedy|animation,mishap sitcom wacky banter night friendship roommates banter banter quirky prank rainbow,2026
49,Golden Hostage,thriller,world cipher journey life manhunt manhunt detective manhunt life chase manhunt assassin,2023
50,Burning Wormhole,sci-fi,secret laser wormhole journey secret world starbase quantum quantum night future city,2017
51,Burning Parody,comedy|romance,banter city courtship slapstick unexpected mishap unexpected life roommates sitcom banter mishap,2025
52,Hidden Engagement,romance,last world affair passion heartbreak kiss kiss kiss world city heartbreak letters,2008
53,Distant Immigrant,drama|documentary,ambition secrets family ambition world secrets inheritance sacrifice world inheritance science courtroom,2010
54,Fallen Awkward,comedy,story first prank story life roommates awkward story roommates secret first mishap,2020
55,Distant Science,documentary,world journey expedition history science investigation explores footage secret footage investigation last,2015
56,Burning History,documentary|romance,courtship expedition footage passion archive ocean heartbreak footage history investigation footage last,2019
57,Electric Quest,fantasy|comedy,first first prophecy awkward quest realm elf wacky sword dragon prophecy quest,2007
58,Final Archive,documentary,footage expedition archive city interviews investigation secret ocean story archive unexpected investigation,2015
59,Broken Dragon,fantasy,dungeon kingdom sword sorcerer journey quest sword elf enchanted world night kingdom,2015
60,Lost Banter,comedy|fantasy,dungeon realm city awkward mishap story sword wacky quirky roommates quirky wacky,2007
61,Crimson Family,drama|romance,sacrifice hardship reunion grief grief first sacrifice redemption grief letters grief redemption,2016
62,Broken Orbit,sci-fi|comedy,cyborg wormhole slapstick orbit last galaxy cyborg last life future spaceship parody,2005
63,Burning Soulmate,romance,passion letters story engagement engagement love kiss journey letters story first tender,2024
64,Golden Slapstick,comedy|romance,destiny sitcom secret banter prank sitcom heartbreak parody chaos parody slapstick letters,2018
65,Midnight Ambition,drama|documentary,inheritance secrets immigrant immigrant courtroom immigrant secrets interviews secrets reality hardship struggle,2005
66,Golden Dragon,fantasy,city sorcerer realm life story first kingdom first kingdom last sword legend,2026
67,Crimson Engagement,romance|thriller,heartbreak tender journey manhunt night last tender affair tender last ransom letters,2011
68,Golden Heartbreak,romance|sci-fi,wedding cyborg unexpected wedding love kiss tender soulmate first destiny love wedding,2017
69,Golden Passion,romance,engagement destiny affair night tender letters heartbreak last life letters heartbreak journey,2014
70,Silent Reality,documentary,wildlife secret wildlife science science expedition reality reality archive wildlife wildlife ocean,2015
71,Distant Chase,thriller,spy secret night chase night hostage life first cipher suspect ransom unexpected,2009
72,Last Mishap,comedy|documentary,mishap ocean secret roommates last prank roommates city wildlife chaos wacky sitcom,2010
73,Silent Wedding,romance|drama,immigrant letters ambition struggle affair redemption heartbreak heartbreak letters engagement affair courtship,2014
74,Distant Sacrifice,drama|romance,immigrant secret inheritance night unexpected night city sacrifice reunion family ambition grief,2019
75,Silent Interviews,documentary|comedy,awkward wacky first journey expedition footage night reality science wildlife wildlife secret,2023
76,Hidden Starbase,sci-fi|drama,android wormhole secret struggle ambition android city quantum cyborg redemption immigrant grief,2019
77,Crimson Laser,sci-fi,last spaceship cyborg wormhole colony cyborg android android cyborg starbase journey future,2010
78,Rising Village,animation|documentary,civilization magical colorful magical colorful wildlife explores puppy friendship cartoon playful magical,2013
79,Distant Heartbreak,romance|sci-fi,letters affair night starbase destiny story wedding laser wedding secret future unexpected,2026
80,Burning Struggle,drama,night redemption redemption immigrant hardship life secret world world immigrant unexpected first,2013
81,Final Kiss,romance,love tender soulmate engagement night life secret life heartbreak night first love,2018
82,Broken Manhunt,thriller|comedy,life spy life assassin manhunt world secret betrayal slapstick ransom heist unexpected,2018
83,Silent Love,romance,passion love soulmate last affair wedding journey night tender kiss heartbreak courtship,2026
84,Rising Future,sci-fi|fantasy,realm sword colony starbase future cyborg android alien wizard quantum wormhole starbase,2019
85,Crimson Interviews,documentary|animation,footage archive night reality science expedition ocean reality adventure toy civilization investigation,2006
86,Distant Colorful,animation,world village musical first colorful rainbow playful puppy night magical toy life,2015
87,Hidden Animals,animation,playful adventure adventure magical secret animals toy first animals magical puppy journey,2024
88,Hidden Colorful,animation,city last animals rainbow friendship story playful rainbow last magical city playful,2026
89,Golden Betrayal,thriller,first conspiracy hostage heist betrayal manhunt manhunt betrayal detective first chase first,2005
90,Golden Rainbow,animation|romance,engagement friendship playful toy wedding adventure rainbow colorful soulmate village puppy village,2024
91,Lost Dungeon,fantasy,journey city sword quest realm sorcerer enchanted realm sword prophecy city last,2018
92,Broken Hilarious,comedy|fantasy,hilarious prank mishap sword quirky city story city dragon journey first wacky,2023
93,Broken Cyborg,sci-fi,laser orbit journey cyborg secret cyborg orbit journey cyborg colony android city,2009
94,Hollow Friendship,animation|documentary,secret animals journey expedition city adventure explores magical musical musical cartoon village,2005
95,Broken Ransom,thriller,journey journey hostage detective journey conspiracy heist chase hostage hostage hostage life,2014
96,Last Laser,sci-fi|thriller,alien conspiracy colony galaxy spaceship starbase alien spy future android wormhole betrayal,2025
97,Crimson Toy,animation|documentary,playful toy adventure playful adventure village adventure playful animals story musical toy,2005
98,Last Magical,animation,first friendship journey colorful last magical world animals magical magical unexpected journey,2016
99,Rising Passion,romance|thriller,passion wedding engagement love engagement destiny letters passion passion spy tender assassin,2026
100,Broken Hostage,thriller|romance,ransom betrayal assassin story hostage conspiracy assassin hostage hostage heist cipher assassin,2018
101,Last Galaxy,sci-fi|thriller,secret story orbit spaceship ransom chase starbase manhunt wormhole unexpected story conspiracy,2019
102,Lost Enchanted,fantasy,story sword dungeon legend elf enchanted quest dragon dungeon first enchanted dragon,2010
103,Fallen Courtship,romance|comedy,soulmate destiny quirky world sitcom quirky tender destiny roommates soulmate first wedding,2010
104,Lost Quantum,sci-fi,story spaceship spaceship laser world starbase galaxy city alien galaxy secret unexpected,2021
105,Crimson Rainbow,animation|documentary,journey life friendship rainbow magical last expedition puppy investigation puppy puppy last,2024
106,Wild Detective,thriller|sci-fi,spy betrayal chase assassin heist heist hostage assassin cipher ransom hostage cipher,2025
107,Golden Wildlife,documentary|comedy,sitcom last archive investigation prank investigation secret reality banter slapstick explores civilization,2023
108,Burning Investigation,documentary,ocean civilization civilization archive last expedition world city ocean civilization story explores,2021
109,Hollow Playful,animation,playful village colorful toy colorful night playful cartoon animals friendship journey puppy,2005
110,Fallen Animals,animation,cartoon magical playful adventure toy adventure life rainbow unexpected last magical friendship,2006
111,Lost Roommates,comedy|documentary,investigation story investigation prank slapstick parody wacky archive hilarious city slapstick wacky,2007
112,Silent Toy,animation,secret friendship magical toy rainbow friendship cartoon journey toy journey story animals,2007
113,Electric Colony,sci-fi,world story starbase city orbit spaceship first quantum colony orbit night secret,2009
114,Fallen Legend,fantasy,dungeon life first legend legend enchanted legend sword secret kingdom last story,2007
115,Silent Spaceship,sci-fi,quantum secret last laser journey future unexpected unexpected unexpected galaxy colony alien,2015
116,Final Assassin,thriller,assassin night hostage ransom conspiracy suspect spy city life detective conspiracy secret,2026
117,Wild Prank,comedy|documentary,unexpected interviews slapstick wacky prank quirky quirky quirky prank explores interviews science,2018
118,Wild Puppy,animation,playful first village puppy world animals story unexpected musical puppy first musical,2015
119,Rising Inheritance,drama|romance,reunion heartbreak family courtroom grief struggle sacrifice night secrets first kiss inheritance,2016
120,Electric Inheritance,drama|sci-fi,secrets galaxy grief redemption immigrant sacrifice courtroom family secrets secrets redemption struggle,2025
121,Midnight Affair,romance,kiss kiss letters soulmate night passion soulmate passion story life love unexpected,2016
122,Fallen Quest,fantasy,night kingdom legend life dragon prophecy enchanted sorcerer enchanted night last wizard,2025
123,Last Chase,thriller,story unexpected unexpected manhunt ransom chase suspect story life city unexpected detective,2009
124,Final Chase,thriller,last first cipher first betrayal assassin assassin cipher conspiracy city suspect heist,2009
125,Broken Sword,fantasy|documentary,footage wizard world world reality footage investigation legend interviews realm world elf,2021
126,Midnight Dragon,fantasy,dungeon elf sword last realm sword sword enchanted quest sword wizard last,2019
127,Fallen Explores,documentary,history science life world archive city investigation last journey journey reality life,2019
128,Last Wacky,comedy|documentary,footage slapstick parody slapstick night roommates awkward first awkward unexpected hilarious quirky,2012
129,Electric Courtroom,drama|romance,engagement sacrifice immigrant hardship courtroom immigrant inheritance ambition redemption reunion redemption hardship,2023
130,Broken Love,romance,affair heartbreak tender world journey story first last city city night wedding,2018
131,Fallen Musical,animation,story last friendship secret animals musical toy toy colorful adventure animals magical,2010
132,Midnight Inheritance,drama,unexpected life ambition secret story immigrant immigrant night story ambition inheritance struggle,2017
133,Hollow Courtroom,drama|animation,struggle world reunion ambition immigrant redemption unexpected reunion reunion first playful courtroom,2022
134,Crimson Chaos,comedy|documentary,slapstick archive interviews banter slapstick mishap interviews sitcom wacky awkward banter investigation,2018
135,Final Ransom,thriller,unexpected life unexpected suspect story chase heist hostage spy detective hostage cipher,2024
136,Final Cipher,thriller|comedy,heist detective hostage betrayal conspiracy hostage betrayal hostage heist life detective spy,2018
137,Golden Immigrant,drama,inheritance unexpected courtroom struggle life ambition secrets redemption secrets life city immigrant,2019
138,Lost Wormhole,sci-fi|comedy,quantum starbase wacky future galaxy cyborg quantum cyborg colony cyborg starbase city,2021
139,Distant Wedding,romance|animation,heartbreak last animals soulmate kiss destiny secret first adventure letters engagement passion,2005
140,Hidden Passion,romance,world first wedding tender destiny wedding destiny heartbreak soulmate first city night,2020
141,Electric Quirky,comedy,parody chaos banter sitcom hilarious awkward night journey roommates hilarious unexpected parody,2007
142,Crimson Awkward,comedy,wacky story story slapstick prank world world unexpected chaos secret quirky sitcom,2013
143,Hidden Courtship,romance,passion courtship wedding story soulmate life love wedding first engagement love engagement,2025
144,Golden Courtroom,drama,secret journey ambition secret world sacrifice night hardship ambition hardship courtroom sacrifice,2024
145,Hollow Affair,romance,courtship wedding passion destiny first story last love soulmate heartbreak heartbreak life,2021
146,Rising Hilarious,comedy|romance,chaos city journey first journey sitcom roommates mishap quirky quirky secret wacky,2017
147,Distant Kiss,romance,love tender courtship secret letters soulmate last kiss tender kiss love heartbreak,2010
148,Fallen Dragon,fantasy,journey unexpected realm story city dungeon story elf enchanted legend unexpected night,2008
149,Electric Investigation,documentary|romance,investigation footage history investigation investigation unexpected life first wedding investigation civilization science,2018
150,Last Kiss,romance,first unexpected passion secret courtship soulmate tender affair heartbreak tender secret destiny,2009
151,Golden Mishap,comedy,story wacky mishap slapstick journey life first slapstick quirky awkward hilarious banter,2020
152,Golden Adventure,animation,musical world magical cartoon friendship story secret musical last friendship puppy animals,2016
153,Lost Tender,romance|sci-fi,letters tender passion life passion tender engagement destiny laser engagement city destiny,2019
154,Fallen Orbit,sci-fi,wormhole quantum spaceship story spaceship alien alien journey life journey android night,2017
155,Electric Interviews,documentary,history expedition unexpected investigation history wildlife history archive archive life science archive,2026
156,Broken Spy,thriller,detective cipher spy first cipher conspiracy hostage story city betrayal chase story,2007
157,Wild Quantum,sci-fi|thriller,spaceship detective wormhole cipher assassin orbit world cyborg spaceship android colony last,2016
158,Hollow Realm,fantasy,elf realm city journey city dungeon dragon dragon quest sword sword journey,2011
159,Golden Quest,fantasy,elf realm life elf kingdom city story elf sword prophecy dungeon story,2024
160,Lost Spy,thriller,cipher first city detective hostage world cipher last cipher conspiracy manhunt betrayal,2016
161,Broken Suspect,thriller,first assassin hostage ransom suspect betrayal conspiracy chase night conspiracy last hostage,2013
162,Broken Courtship,romance,wedding night first heartbreak city passion love letters kiss kiss kiss engagement,2024
163,Broken Wizard,fantasy,life legend last prophecy dragon night secret story story enchanted wizard realm,2022
164,Rising Android,sci-fi|drama,wormhole future wormhole orbit cyborg ambition journey future colony reunion orbit reunion,2011
165,Final Sacrifice,drama|comedy,ambition secrets hardship immigrant wacky mishap life secrets immigrant secrets reunion ambition,2019
166,Burning Spy,thriller,world world first first suspect ransom ransom last detective cipher chase assassin,2015
167,Hollow Chase,thriller|sci-fi,conspiracy galaxy laser heist heist life betrayal spy suspect chase journey journey,2019
168,Hidden Prank,comedy|fantasy,slapstick legend unexpected sitcom sword hilarious parody life last slapstick parody legend,2011
169,Broken Colorful,animation|thriller,adventure musical detective conspiracy suspect assassin last musical rainbow musical conspiracy hostage,2010
170,Final Starbase,sci-fi,secret last cyborg quantum future world orbit galaxy quantum world orbit night,2017
171,Final Family,drama|romance,struggle city inheritance struggle engagement sacrifice engagement struggle courtroom city inheritance redemption,2023
172,Wild Galaxy,sci-fi,android cyborg story alien story android colony secret quantum orbit android orbit,2014
173,Last Redemption,drama|animation,hardship first magical courtroom grief struggle hardship grief family magical life redemption,2024
174,Crimson Spaceship,sci-fi,future alien wormhole galaxy night laser android laser android wormhole laser spaceship,2021
175,Final Puppy,animation|romance,destiny cartoon adventure affair letters journey secret engagement engagement courtship last adventure,2016
176,Silent Courtroom,drama,last last secrets journey secret unexpected immigrant reunion secrets first sacrifice ambition,2023
177,Hidden Expedition,documentary|thriller,heist world science wildlife footage chase interviews interviews investigation reality unexpected expedition,2022
178,Distant Colony,sci-fi,android life laser first night last alien cyborg journey future world future,2020
179,Golden Cartoon,animation,playful life rainbow friendship adventure city colorful musical adventure cartoon toy animals,2014
180,Midnight Struggle,drama,world sacrifice hardship immigrant redemption grief struggle night unexpected inheritance immigrant reunion,2022
181,Hidden Toy,animation,colorful puppy friendship friendship first story magical rainbow story night magical secret,2006
182,Lost Passion,romance,tender courtship kiss world passion passion affair story heartbreak tender love kiss,2008
183,Hollow Wedding,romance|fantasy,wedding night courtship journey love sword dungeon kiss tender story last destiny,2019
184,Last Spy,thriller,city manhunt hostage betrayal heist secret manhunt betrayal night city city conspiracy,2013
185,Last Hilarious,comedy|romance,quirky destiny sitcom world roommates quirky awkward destiny prank parody awkward slapstick,2014
186,Burning Heartbreak,romance,affair wedding affair heartbreak heartbreak engagement engagement engagement courtship first journey love,2007
187,Rising Adventure,animation|sci-fi,magical adventure rainbow magical adventure animals colorful city adventure toy cartoon puppy,2015
188,Fallen Puppy,animation|comedy,cartoon toy animals cartoon cartoon first city colorful cartoon animals village colorful,2010
189,Hidden Tender,romance,kiss destiny affair wedding kiss kiss city love soulmate kiss kiss passion,2014
190,Wild Passion,romance,world first night unexpected heartbreak courtship affair wedding affair engagement last unexpected,2021
191,Golden Detective,thriller|drama,heist conspiracy secret courtroom betrayal redemption spy journey grief secret manhunt heist,2022
192,Last Secrets,drama,world sacrifice grief secrets courtroom ambition inheritance secrets ambition redemption reunion hardship,2016
193,Fallen Spaceship,sci-fi|drama,alien struggle ambition android android laser immigrant starbase ambition orbit night struggle,2017
194,Electric Toy,animation,puppy last magical musical magical village rainbow first unexpected life cartoon toy,2016
195,Crimson Cartoon,animation,cartoon colorful magical cartoon secret secret cartoon toy toy colorful adventure rainbow,2026
196,Burning Dungeon,fantasy,enchanted enchanted elf dungeon sorcerer sorcerer sword dungeon dragon sorcerer elf sword,2009
197,Fallen Grief,drama,reunion sacrifice immigrant first journey reunion life unexpected night struggle secrets ambition,2026
198,Lost Hilarious,comedy,quirky slapstick night awkward hilarious wacky hilarious secret chaos hilarious wacky chaos,2010
199,Golden Orbit,sci-fi,spaceship cyborg world cyborg cyborg colony orbit starbase future orbit night story,2015
200,Silent Spy,thriller,suspect night journey chase unexpected world cipher journey hostage detective conspiracy spy,2017
201,Hollow Cipher,thriller,betrayal first betrayal last hostage unexpected story secret detective last spy conspiracy,2024
202,Distant Tender,romance,tender courtship love engagement first world heartbreak wedding affair city heartbreak letters,2011
203,Crimson Sacrifice,drama,journey secrets courtroom struggle sacrifice secrets hardship sacrifice world family last secret,2017
204,Golden Explores,documentary,civilization investigation expedition story world reality life investigation night investigation footage city,2005
205,Distant Wormhole,sci-fi,orbit secret unexpected starbase city android city story last future laser cyborg,2025
206,Hidden Redemption,drama,city struggle ambition struggle hardship struggle secrets inheritance secret journey secrets immigrant,2009
207,Last Suspect,thriller,city hostage journey betrayal world city betrayal chase life journey secret manhunt,2022
208,Crimson Hostage,thriller,unexpected life chase assassin world detective first betrayal manhunt betrayal betrayal suspect,2016
209,Lost Elf,fantasy|sci-fi,sorcerer wizard starbase realm sword colony sorcerer enchanted dragon night dungeon realm,2015
210,Burning Tender,romance|comedy,slapstick quirky roommates destiny passion soulmate chaos letters heartbreak tender soulmate prank,2024
211,Distant Wizard,fantasy,dragon prophecy kingdom prophecy prophecy last dungeon night elf dungeon journey kingdom,2026
212,Final Wacky,comedy,secret prank quirky sitcom story wacky wacky banter sitcom mishap mishap wacky,2022
213,Midnight Banter,comedy,banter prank parody world chaos prank first last hilarious secret quirky city,2018
214,Rising Ambition,drama,struggle story secret struggle courtroom story struggle grief world world courtroom story,2012
215,Hollow Letters,romance,city passion night tender engagement affair first affair tender destiny last wedding,2023
216,Crimson Dungeon,fantasy,dungeon enchanted night secret night night enchanted dungeon last sorcerer story sorcerer,2009
217,Distant Sword,fantasy|sci-fi,elf night future cyborg life realm journey unexpected quantum wizard quest enchanted,2014
218,Hidden Secrets,drama|thriller,secret night inheritance suspect ambition courtroom struggle ambition reunion inheritance family reunion,2017
219,Golden Enchanted,fantasy|sci-fi,enchanted sword first wizard quest orbit wizard prophecy unexpected journey kingdom quest,2006
220,Electric Manhunt,thriller,city assassin spy chase hostage conspiracy suspect assassin detective secret cipher life,2026
221,Last Engagement,romance|thriller,letters spy passion heist unexpected assassin heartbreak letters chase tender engagement courtship,2022
222,Electric Cyborg,sci-fi,spaceship life quantum night spaceship android spaceship orbit android orbit wormhole spaceship,2010
223,Final Destiny,romance,wedding life soulmate world secret passion kiss soulmate letters affair heartbreak love,2013
224,Distant Wildlife,documentary|animation,wildlife wildlife unexpected archive unexpected explores reality archive reality civilization friendship civilization,2020
225,Lost Alien,sci-fi|drama,spaceship alien alien alien wormhole laser first starbase first starbase grief struggle,2022
226,Hollow Cyborg,sci-fi|animation,future future android toy wormhole alien spaceship playful cyborg alien alien android,2016
227,Final Manhunt,thriller,cipher manhunt betrayal assassin manhunt life manhunt spy heist secret spy conspiracy,2021
228,Hollow Kingdom,fantasy,quest wizard kingdom unexpected enchanted quest elf kingdom prophecy story world life,2006
229,Last Sword,fantasy,legend sword quest world world first kingdom sorcerer enchanted sword world realm,2017
230,Silent Archive,documentary,wildlife ocean history interviews life last journey ocean reality archive archive world,2009
231,Broken Rainbow,animation,city puppy friendship journey rainbow city journey musical adventure village playful life,2019
232,Burning Chaos,comedy,quirky chaos world awkward mishap roommates chaos last night sitcom banter parody,2018
233,Rising Mishap,comedy,awkward banter quirky story city night chaos night world quirky world hilarious,2020
234,Wild Kingdom,fantasy|romance,sword sorcerer dragon elf prophecy prophecy sorcerer life elf elf wizard last,2021
235,Last Prophecy,fantasy|documentary,kingdom prophecy prophecy world kingdom world realm quest sorcerer legend elf sword,2021
236,Rising Redemption,drama|fantasy,inheritance wizard wizard grief family sorcerer family redemption ambition inheritance life last,2012
237,Burning Prank,comedy,chaos banter parody parody roommates banter secret journey journey awkward slapstick mishap,2018
238,Final Legend,fantasy,prophecy legend enchanted sword city quest legend prophecy realm kingdom sorcerer legend,2005
239,Hollow Tender,romance|fantasy,destiny heartbreak letters night heartbreak wedding elf courtship destiny engagement tender legend,2011
240,Midnight Explores,documentary,interviews history reality first night world science explores night explores history civilization,2008
241,Wild Hostage,thriller,night conspiracy cipher first conspiracy betrayal hostage ransom betrayal detective world journey,2008
242,Broken Courtroom,drama,world immigrant family grief hardship immigrant life redemption last inheritance hardship journey,2006
243,Silent Engagement,romance|sci-fi,kiss letters unexpected tender soulmate laser kiss passion soulmate passion future love,2010
244,Last Enchanted,fantasy|sci-fi,sword orbit elf colony story realm city realm laser kingdom night night,2012
245,Midnight Family,drama,sacrifice hardship courtroom inheritance family journey family hardship world life grief inheritance,2011
246,Final Laser,sci-fi|fantasy,starbase galaxy wormhole alien colony android dragon starbase wormhole cyborg colony galaxy,2011
247,Midnight Prophecy,fantasy|sci-fi,quest dungeon prophecy sword galaxy prophecy dragon alien secret elf enchanted legend,2017
248,Burning Hostage,thriller,detective manhunt life journey unexpected city last cipher ransom secret journey life,2026
249,Midnight Sword,fantasy|thriller,sorcerer wizard sword prophecy sword spy cipher city quest quest dragon suspect,2008
250,Golden Colony,sci-fi,city quantum colony alien quantum laser orbit story wormhole quantum starbase starbase,2016
251,Broken Elf,fantasy,secret enchanted world realm elf life secret night dungeon elf secret sword,2020
252,Crimson Courtroom,drama,secret world city night world secrets inheritance life family family unexpected last,2013
253,Hidden Wildlife,documentary,ocean journey ocean city world world ocean footage first footage investigation footage,2013
254,Hidden Ransom,thriller,chase life detective chase hostage life betrayal manhunt manhunt detective city assassin,2016
255,Silent Ocean,documentary|sci-fi,footage civilization civilization history reality reality interviews spaceship story reality future journey,2012
256,Wild Cyborg,sci-fi,alien world story spaceship future colony last world future unexpected colony spaceship,2008
257,Wild Animals,animation,playful colorful animals night adventure world story unexpected adventure magical puppy secret,2020
258,Last Colony,sci-fi|fantasy,orbit city galaxy spaceship spaceship last last galaxy sword quest starbase life,2025
259,Lost Animals,animation|fantasy,cartoon puppy toy magical village colorful elf colorful adventure rainbow friendship night,2009
260,Lost Suspect,thriller,detective heist unexpected spy spy detective first chase spy assassin last heist,2013
261,Last Reunion,drama,family ambition inheritance family secrets journey ambition redemption grief world hardship grief,2008
262,Fallen Letters,romance|animation,kiss journey soulmate soulmate destiny engagement passion city love journey animals village,2016
263,Last Conspiracy,thriller|animation,rainbow world betrayal cipher suspect friendship suspect heist night heist betrayal assassin,2024
264,Golden Suspect,thriller,spy chase suspect night story cipher suspect detective unexpected cipher conspiracy betrayal,2018
265,Hollow Puppy,animation,story story cartoon rainbow animals village journey adventure rainbow animals life story,2010
266,Last Reality,documentary|comedy,expedition journey civilization ocean reality world prank prank science investigation investigation awkward,2018
267,Hidden Puppy,animation,first night puppy toy city adventure life life village animals musical cartoon,2026
268,Silent Footage,documentary,history history journey civilization ocean first interviews footage reality footage footage first,2018
269,Last Roommates,comedy,roommates first mishap journey journey prank life hilarious first last first life,2008
270,Silent Heartbreak,romance,secret engagement first night journey life engagement secret city love unexpected first,2021
271,Distant Cipher,thriller,journey detective manhunt chase manhunt story life cipher cipher assassin ransom secret,2012
272,Rising Prophecy,fantasy|drama,realm hardship story journey unexpected kingdom secret sacrifice wizard struggle realm dungeon,2016
273,Crimson Roommates,comedy,parody wacky night banter city secret wacky last slapstick city chaos world,2009
274,Wild Destiny,romance,life unexpected passion letters journey courtship city last kiss night destiny last,2015
275,Last Future,sci-fi|romance,laser quantum galaxy last cyborg wedding last starbase alien love laser orbit,2015
276,Hidden Roommates,comedy|romance,soulmate destiny kiss wedding prank slapstick roommates hilarious prank sitcom heartbreak awkward,2009
277,Fallen Conspiracy,thriller,ransom assassin hostage first story hostage city manhunt ransom unexpected betrayal city,2008
278,Hollow Civilization,documentary,secret history ocean civilization reality science expedition ocean secret world expedition history,2011
279,Last Letters,romance|comedy,chaos last wedding tender soulmate heartbreak love heartbreak quirky parody affair prank,2008
280,Electric Spaceship,sci-fi,wormhole laser orbit alien android laser alien cyborg spaceship galaxy future cyborg,2008
281,Crimson Courtship,romance,world courtship letters first passion affair love soulmate kiss affair night courtship,2016
282,Electric Magical,animation,colorful night first toy playful last city colorful toy adventure puppy night,2007
283,Midnight Archive,documentary,first investigation civilization investigation city secret city explores journey last civilization journey,2006
284,Silent Betrayal,thriller|fantasy,story unexpected spy ransom chase ransom secret chase assassin hostage hostage detective,2023
285,Golden Investigation,documentary|fantasy,reality history kingdom explores expedition history reality explores investigation expedition story investigation,2007
286,Burning Wildlife,documentary,ocean interviews story wildlife ocean investigation city archive investigation civilization investigation ocean,2020
287,Lost Affair,romance|sci-fi,destiny destiny destiny quantum engagement world tender tender soulmate letters world love,2013
288,Rising Secrets,drama,struggle immigrant life secrets family secrets family struggle redemption world redemption redemption,2009
289,Last Investigation,documentary,wildlife footage history civilization night civilization first world civilization explores archive science,2005
290,Burning Courtship,romance,tender heartbreak city night soulmate love night destiny courtship heartbreak first tender,2014
291,Silent Future,sci-fi,story night journey journey quantum spaceship starbase orbit alien alien wormhole future,2016
292,Wild Chase,thriller,chase spy manhunt cipher story chase manhunt spy heist assassin manhunt assassin,2009
293,Silent Letters,romance|comedy,soulmate wedding heartbreak letters first sitcom letters courtship affair chaos tender soulmate,2008
294,Fallen Civilization,documentary|thriller,story life ocean heist wildlife expedition first ransom history history explores archive,2014
295,Distant Affair,romance|documentary,archive love love heartbreak love investigation soulmate ocean courtship affair letters history,2009
296,Broken Village,animation|romance,engagement last first adventure affair musical world playful colorful magical rainbow letters,2012
297,Hidden Spaceship,sci-fi|drama,family future family orbit hardship alien android life laser laser reunion orbit,2014
298,Electric Spy,thriller,chase unexpected hostage chase suspect secret story spy spy night city unexpected,2018
299,Silent Friendship,animation,musical friendship colorful playful toy magical colorful journey puppy colorful adventure secret,2011
300,Midnight Playful,animation,puppy animals world friendship journey last night journey adventure journey colorful adventure,2009
301,Burning Enchanted,fantasy,unexpected wizard sword wizard kingdom dragon kingdom secret enchanted prophecy elf wizard,2016
302,Rising Banter,comedy|sci-fi,sitcom night chaos chaos cyborg parody hilarious prank sitcom banter sitcom city,2013
303,Lost Cyborg,sci-fi|comedy,world orbit night parody spaceship prank spaceship chaos spaceship quantum quantum chaos,2007
304,Crimson Redemption,drama,first world secret redemption life world secret hardship sacrifice secrets family story,2015
305,Hidden Elf,fantasy|drama,wizard secret secret first redemption quest legend redemption dungeon struggle dragon sorcerer,2017
306,Burning Family,drama|animation,immigrant village hardship secrets hardship toy sacrifice animals family colorful musical courtroom,2010
307,Golden Heist,thriller|animation,heist journey hostage heist detective life manhunt betrayal heist conspiracy toy journey,2025
308,Burning Immigrant,drama|thriller,cipher family cipher world struggle hardship struggle life inheritance hardship ambition grief,2018
309,Lost Assassin,thriller,ransom betrayal world manhunt hostage suspect heist unexpected story first suspect manhunt,2021
310,Final Wedding,romance|sci-fi,first passion quantum kiss last affair heartbreak love courtship tender kiss spaceship,2024
311,Final Orbit,sci-fi|romance,alien cyborg galaxy journey quantum unexpected spaceship kiss android spaceship android starbase,2013
312,Wild Legend,fantasy,night story sorcerer wizard legend secret prophecy story realm elf dragon dragon,2008
313,Hollow Engagement,romance,night passion tender courtship city affair passion engagement first world first letters,2005
314,Electric Letters,romance|drama,destiny family wedding night love struggle engagement immigrant heartbreak last engagement soulmate,2006
315,Wild Dungeon,fantasy,dungeon realm elf city sword enchanted legend dungeon enchanted prophecy prophecy prophecy,2011
316,Final Galaxy,sci-fi,night unexpected starbase starbase colony spaceship galaxy quantum spaceship story city wormhole,2026
317,Last Wizard,fantasy,story quest prophecy wizard dragon elf prophecy kingdom realm dragon secret dungeon,2024
318,Midnight Heartbreak,romance|thriller,kiss city suspect kiss assassin chase love courtship engagement tender affair courtship,2016
319,Lost Struggle,drama|sci-fi,grief immigrant inheritance inheritance cyborg colony grief laser immigrant immigrant sacrifice secrets,2013
320,Midnight Tender,romance,soulmate world affair night unexpected soulmate kiss passion destiny soulmate heartbreak life,2015
321,Golden Manhunt,thriller,conspiracy suspect spy secret chase ransom cipher hostage conspiracy last last story,2012
322,Distant Letters,romance|drama,love letters life tender ambition courtship affair heartbreak heartbreak wedding life wedding,2011
323,Burning Passion,romance,letters soulmate life destiny wedding heartbreak engagement life tender story wedding last,2024
324,Hollow Manhunt,thriller|documentary,suspect chase hostage heist detective city conspiracy unexpected assassin explores hostage expedition,2022
325,Last History,documentary|animation,animals puppy cartoon secret investigation ocean ocean musical archive science interviews world,2006
326,Burning Village,animation|romance,rainbow passion soulmate last toy friendship rainbow friendship puppy engagement passion engagement,2018
327,Midnight Hardship,drama|animation,ambition reunion secrets immigrant world grief ambition grief courtroom immigrant sacrifice toy,2020
328,Wild Wizard,fantasy,wizard story wizard secret story legend first quest wizard dragon legend kingdom,2010
329,Fallen Mishap,comedy,last chaos city secret city banter secret unexpected roommates hilarious quirky quirky,2021
330,Golden Sword,fantasy,sword dragon sword first legend enchanted quest prophecy legend dungeon quest sorcerer,2016
331,Midnight Grief,drama|documentary,secret journey inheritance ambition world journey grief ambition world immigrant grief family,2023
332,Crimson Playful,animation,adventure village cartoon magical life city playful story puppy magical city musical,2007
333,Electric Heartbreak,romance,first last heartbreak journey passion tender kiss destiny last story kiss love,2005
334,Crimson Footage,documentary|romance,explores investigation reality ocean archive journey civilization civilization soulmate explores engagement heartbreak,2019
335,Fallen Colony,sci-fi,world world wormhole unexpected future unexpected future alien city galaxy last galaxy,2010
336,Crimson Science,documentary|drama,hardship interviews sacrifice wildlife immigrant last immigrant grief last history history wildlife,2022
337,Hidden Colony,sci-fi,first alien orbit quantum city starbase colony starbase first alien quantum life,2006
338,Crimson Future,sci-fi|thriller,quantum detective alien quantum colony secret colony spy detective colony orbit future,2018
339,Hidden Hilarious,comedy|animation,awkward quirky musical slapstick wacky village chaos roommates awkward wacky adventure chaos,2012
340,Hollow Wildlife,documentary,wildlife footage wildlife ocean footage footage unexpected history world story unexpected story,2022
341,Final Village,animation,puppy life puppy friendship unexpected life story first toy adventure cartoon magical,2025
342,Rising Destiny,romance|sci-fi,android affair orbit laser spaceship wedding wedding first future wedding heartbreak courtship,2018
343,Golden Puppy,animation,puppy village musical night magical toy musical musical animals magical rainbow puppy,2023
344,Rising Wildlife,documentary,civilization expedition archive life city life history expedition investigation explores city life,2026
345,Silent Detective,thriller|drama,spy suspect spy manhunt betrayal betrayal hostage suspect journey detective chase redemption,2011
346,Distant Courtship,romance,night life affair tender journey first tender last city soulmate wedding unexpected,2012
347,Midnight Slapstick,comedy,mishap awkward wacky sitcom hilarious awkward hilarious last last banter life first,2010
348,Golden Sorcerer,fantasy,quest dragon legend sword world secret kingdom life dungeon secret enchanted sword,2011
349,Fallen Reunion,drama,ambition city struggle first sacrifice night struggle secrets struggle ambition first last,2008
350,Midnight Secrets,drama,family inheritance ambition inheritance redemption reunion secrets night sacrifice city ambition inheritance,2005
351,Last Grief,drama|fantasy,quest inheritance elf grief ambition immigrant grief unexpected redemption hardship elf quest,2023
352,Fallen Starbase,sci-fi|fantasy,story world wormhole night cyborg orbit laser orbit cyborg future sword night,2018
353,Wild Colony,sci-fi,laser cyborg night spaceship last laser spaceship spaceship alien galaxy world secret,2008
354,Wild Redemption,drama|sci-fi,reunion family night orbit courtroom world courtroom night hardship redemption redemption struggle,2017
355,Final Secrets,drama|comedy,awkward story redemption world last struggle struggle secrets hardship struggle first prank,2006
356,Electric Dragon,fantasy|thriller,city dungeon wizard elf betrayal detective legend elf secret prophecy prophecy spy,2009
357,Electric Parody,comedy,slapstick chaos hilarious first sitcom city night wacky wacky last story chaos,2012
358,Burning Affair,romance,first engagement unexpected wedding courtship story first story destiny secret courtship wedding,2017
359,Crimson Prank,comedy|sci-fi,story banter cyborg sitcom hilarious quirky cyborg sitcom slapstick awkward wormhole android,2017
360,Crimson Reality,documentary,unexpected unexpected history unexpected interviews science reality night interviews expedition world city,2026
361,Silent Struggle,drama,night reunion hardship night grief family ambition grief courtroom reunion sacrifice secrets,2016
362,Last Village,animation,toy animals animals magical puppy secret colorful musical cartoon secret musical toy,2006
363,Rising Wacky,comedy,mishap mishap roommates wacky banter banter world slapstick chaos hilarious sitcom banter,2025
364,Lost Quest,fantasy,wizard dragon world secret world first unexpected sword dragon dungeon life realm,2018
365,Hollow Courtship,romance,love first passion affair story last letters night world world kiss kiss,2026
366,Distant Manhunt,thriller,manhunt assassin manhunt ransom assassin story world detective hostage last assassin manhunt,2022
367,Lost Sacrifice,drama,grief hardship city sacrifice immigrant grief night reunion inheritance ambition world secrets,2008
368,Hidden Chase,thriller|documentary,unexpected manhunt interviews suspect hostage civilization cipher spy chase suspect detective betrayal,2005
369,Silent Hardship,drama,journey immigrant sacrifice sacrifice reunion last hardship family struggle reunion hardship courtroom,2026
370,Crimson Starbase,sci-fi|documentary,galaxy spaceship ocean city future galaxy expedition laser colony quantum civilization alien,2007
371,Hollow Ambition,drama|fantasy,enchanted inheritance last redemption sacrifice legend life courtroom dragon immigrant journey struggle,2025
372,Final Friendship,animation,city story toy puppy first city friendship animals animals rainbow musical cartoon,2006
373,Crimson Passion,romance|documentary,heartbreak tender heartbreak wildlife destiny passion tender letters explores kiss engagement footage,2012
374,Burning Betrayal,thriller|fantasy,secret detective dungeon manhunt realm sword assassin conspiracy chase betrayal realm dungeon,2014
375,Burning Puppy,animation,adventure last night musical night first journey city magical village magical adventure,2026
376,Hidden Banter,comedy,mishap story unexpected city journey city story chaos banter world world roommates,2017
377,Hollow Soulmate,romance,letters heartbreak engagement secret love soulmate affair kiss secret letters heartbreak engagement,2024
378,Electric Suspect,thriller,manhunt secret chase manhunt first first story suspect spy secret detective heist,2014
379,Distant Adventure,animation|sci-fi,adventure friendship playful playful animals story colorful toy first rainbow puppy musical,2023
380,Last Musical,animation|documentary,animals adventure adventure world cartoon village magical unexpected rainbow wildlife wildlife rainbow,2025
381,Fallen Footage,documentary,science expedition journey civilization world science interviews civilization reality civilization story interviews,2009
382,Hollow Prank,comedy,quirky first last roommates hilarious story prank roommates chaos mishap quirky roommates,2024
383,Crimson Galaxy,sci-fi,cyborg city quantum first wormhole android orbit orbit future life city future,2023
384,Rising Animals,animation,animals toy night puppy friendship magical last toy adventure playful colorful night,2026
385,Electric Reality,documentary|comedy,first civilization ocean reality wildlife last expedition reality interviews explores night history,2019
386,Final Expedition,documentary|comedy,civilization explores footage footage mishap life interviews prank investigation quirky science world,2025
387,Electric Rainbow,animation|documentary,playful footage magical journey playful life animals colorful magical adventure history investigation,2009
388,Crimson Parody,comedy|documentary,investigation slapstick wacky last science first banter chaos mishap journey explores roommates,2023
389,Last Family,drama,immigrant ambition struggle immigrant struggle unexpected reunion world journey ambition secret unexpected,2025
390,Electric Quantum,sci-fi|animation,cyborg orbit colorful alien rainbow galaxy first quantum spaceship orbit city secret,2014
391,Lost Rainbow,animation,cartoon unexpected village story city friendship animals rainbow puppy world musical magical,2008
392,Fallen Sorcerer,fantasy,sword world sword sorcerer dragon unexpected last sword city last journey wizard,2024
393,Midnight Spy,thriller|comedy,spy cipher slapstick assassin assassin betrayal hostage suspect awkward spy suspect chase,2018
394,Burning Legend,fantasy|sci-fi,legend prophecy orbit elf alien dragon sword starbase future prophecy sorcerer cyborg,2023
395,Distant Destiny,romance,journey first passion soulmate kiss night first love wedding city night kiss,2022
396,Final Sitcom,comedy,awkward awkward story parody secret mishap secret chaos wacky sitcom unexpected prank,2019
397,Fallen Destiny,romance,journey tender journey destiny story city soulmate unexpected night world soulmate love,2016
398,Broken Footage,documentary,life footage investigation science footage footage footage science footage night last expedition,2020
399,Midnight Engagement,romance,heartbreak last soulmate wedding engagement tender story engagement city kiss destiny city,2011
400,Crimson Soulmate,romance,city love city tender destiny heartbreak life courtship journey world night soulmate,2005
