user_id,country,age_group,signup_date
1,BR,55+,2026-01-10
2,IN,55+,2025-06-11
3,DE,55+,2025-12-10
4,DE,18-24,2026-03-31
5,JP,55+,2025-04-12
6,BR,45-54,2024-05-18
7,DE,35-44,2025-01-06
8,DE,18-24,2024-10-20
9,DE,35-44,2024-09-12
10,GB,25-34,2024-05-23
11,BR,55+,2026-01-03
12,US,25-34,2025-10-09
13,BR,25-34,2025-01-27
14,JP,55+,2024-09-06
15,GB,18-24,2024-10-09
16,GB,55+,2024-11-10
17,GB,55+,2025-08-27
18,BR,25-34,2025-07-21
19,US,45-54,2026-02-06
20,GB,45-54,2025-08-26
21,DE,35-44,2025-12-14
22,BR,45-54,2024-06-16
23,US,18-24,2026-01-29
24,IN,35-44,2025-07-22
25,DE,35-44,2024-07-21
26,DE,35-44,2024-06-03
27,BR,55+,2025-07-13
28,IN,55+,2025-05-12
29,IN,45-54,2025-04-02
30,GB,35-44,2024-09-05
31,DE,35-44,2024-10-12
32,IN,18-24,2025-04-01
33,US,35-44,2025-07-17
34,GB,25-34,2025-07-16
35,US,55+,2025-01-04
36,BR,45-54,2024-08-27
37,IN,55+,2026-02-08
38,JP,55+,2024-10-12
39,US,35-44,2025-05-01
40,GB,35-44,2025-12-22
41,JP,45-54,2026-01-25
42,DE,35-44,2025-08-10
43,JP,25-34,2025-10-11
44,IN,45-54,2026-01-20
45,BR,35-44,2025-09-09
46,IN,55+,2024-08-28
47,DE,25-34,2024-11-17
48,US,35-44,2025-11-07
49,BR,35-44,2024-12-17
50,IN,55+,2025-05-22
51,JP,35-44,2024-10-27
52,GB,18-24,2025-10-12
53,DE,25-34,2026-02-18
54,DE,55+,2025-08-27
55,IN,25-34,2024-05-08
56,US,25-34,2025-03-10
57,BR,18-24,2026-02-23
58,JP,45-54,2024-05-21
59,JP,18-24,2024-09-02
60,DE,25-34,2025-03-18
61,US,45-54,2024-11-01
62,GB,55+,2025-11-24
63,GB,25-34,2025-02-13
64,GB,25-34,2024-07-03
65,GB,18-24,2025-05-31
66,JP,35-44,2026-03-06
67,GB,55+,2024-10-20
68,IN,25-34,2024-11-08
69,BR,25-34,2024-11-01
70,DE,25-34,2025-01-04
71,GB,55+,2025-12-28
72,DE,35-44,2026-01-12
73,JP,45-54,2024-09-25
74,JP,45-54,2024-08-13
75,BR,45-54,2026-02-07
76,DE,35-44,2025-02-20
77,IN,35-44,2025-04-18
78,DE,35-44,2025-08-01
79,BR,18-24,2025-01-07
80,JP,35-44,2024-07-02
81,BR,55+,2024-09-05
82,JP,18-24,2025-12-16
83,DE,55+,2025-05-14
84,IN,35-44,2024-06-17
85,GB,25-34,2025-10-19
86,US,18-24,2024-08-14
87,JP,45-54,2025-04-25
88,BR,18-24,2025-04-03
89,GB,35-44,2025-10-10
90,GB,18-24,2024-06-29
91,IN,55+,2025-03-29
92,IN,18-24,2025-02-25
93,US,55+,2025-05-14
94,US,35-44,2026-01-30
95,US,18-24,2024-10-04
96,JP,45-54,2025-08-16
97,BR,55+,2025-10-17
98,DE,25-34,2024-10-03
99,US,55+,2025-11-14
100,JP,45-54,2024-12-11
101,DE,45-54,2025-05-06
102,DE,25-34,2024-09-20
103,GB,18-24,2026-02-26
104,DE,35-44,2024-10-08
105,JP,55+,2025-10-24
106,BR,35-44,2024-08-02
107,GB,45-54,2025-07-29
108,BR,45-54,2026-03-29
109,JP,25-34,2025-04-27
110,US,18-24,2026-02-23
111,JP,55+,2025-09-26
112,DE,45-54,2024-11-18
113,US,35-44,2025-03-07
114,JP,35-44,2024-11-23
115,BR,55+,2024-07-27
116,GB,45-54,2025-05-10
117,US,45-54,2025-03-18
118,JP,45-54,2026-02-21
119,BR,25-34,2025-09-14
120,IN,45-54,2024-11-12
121,DE,55+,2026-02-18
122,IN,25-34,2025-07-25
123,US,35-44,2025-12-28
124,DE,45-54,2024-08-11
125,US,35-44,2025-03-06
126,DE,55+,2025-01-07
127,GB,35-44,2024-12-11
128,DE,25-34,2025-10-28
129,BR,18-24,2026-02-27
130,IN,55+,2025-06-28
131,BR,45-54,2025-11-24
132,US,35-44,2025-08-20
133,IN,35-44,2025-08-22
134,GB,35-44,2024-10-03
135,US,55+,2025-08-22
136,US,45-54,2025-12-18
137,GB,55+,2024-06-02
138,JP,55+,2026-02-27
139,DE,45-54,2025-11-11
140,BR,35-44,2025-08-03
141,IN,25-34,2026-02-18
142,IN,45-54,2024-07-13
143,GB,45-54,2025-07-30
144,BR,35-44,2024-10-03
145,JP,18-24,2025-12-30
146,IN,55+,2025-04-03
147,GB,55+,2026-01-04
148,GB,25-34,2025-10-23
149,BR,35-44,2025-06-22
150,US,18-24,2024-08-07
151,GB,55+,2025-08-31
152,JP,25-34,2024-10-22
153,GB,25-34,2026-01-28
154,BR,35-44,2025-10-09
155,DE,25-34,2025-02-04
156,DE,45-54,2025-05-10
157,US,55+,2025-04-17
158,JP,55+,2024-12-14
159,US,35-44,2026-02-08
160,JP,18-24,2024-12-02
161,JP,55+,2024-08-07
162,DE,25-34,2024-10-14
163,JP,55+,2025-09-15
164,BR,25-34,2025-07-31
165,BR,35-44,2024-05-30
166,IN,35-44,2024-09-27
167,IN,35-44,2024-06-20
168,IN,18-24,2024-07-03
169,IN,35-44,2025-06-03
170,JP,35-44,2026-01-02
171,US,55+,2025-10-25
172,IN,35-44,2025-09-09
173,JP,55+,2024-08-27
174,US,25-34,2025-09-21
175,BR,25-34,2025-07-24
176,JP,18-24,2024-08-15
177,DE,45-54,2025-12-09
178,JP,18-24,2024-12-25
179,JP,25-34,2025-03-13
180,IN,55+,2024-05-14
181,IN,45-54,2025-04-25
182,GB,35-44,2025-04-03
183,DE,55+,2024-08-16
184,BR,45-54,2024-05-09
185,US,55+,2024-11-09
186,US,45-54,2024-12-01
187,US,35-44,2024-07-29
188,US,18-24,2024-05-18
189,JP,25-34,2024-11-05
190,GB,45-54,2025-09-10
191,JP,25-34,2025-01-09
192,IN,45-54,2025-10-19
193,IN,18-24,2025-04-18
194,BR,18-24,2025-05-27
195,US,25-34,2024-05-12
196,IN,25-34,2025-03-11
197,DE,55+,2024-06-01
198,IN,25-34,2024-09-15
199,IN,35-44,2024-08-17
200,GB,35-44,2025-12-05
201,DE,25-34,2024-10-08
202,DE,55+,2025-10-09
203,DE,45-54,2025-02-23
204,IN,18-24,2025-04-28
205,US,25-34,2025-10-03
206,GB,18-24,2024-05-14
207,US,25-34,2024-07-30
208,DE,45-54,2025-02-25
209,US,55+,2026-03-26
210,DE,35-44,2025-11-25
211,JP,18-24,2025-10-26
212,DE,18-24,2024-05-23
213,GB,35-44,2025-06-24
214,GB,25-34,2026-03-01
215,DE,35-44,2025-02-17
216,BR,18-24,2024-06-07
217,US,25-34,2025-03-06
218,IN,35-44,2025-05-27
219,BR,25-34,2025-12-01
220,DE,25-34,2024-07-27
221,IN,25-34,2026-01-19
222,DE,18-24,2024-06-19
223,IN,25-34,2025-10-29
224,DE,25-34,2025-12-27
225,BR,55+,2025-08-02
226,IN,55+,2026-03-30
227,BR,35-44,2026-03-24
228,IN,25-34,2025-11-23
229,US,35-44,2024-12-04
230,BR,45-54,2024-09-10
231,GB,25-34,2025-10-11
232,JP,45-54,2025-01-07
233,JP,55+,2025-07-31
234,JP,35-44,2025-06-04
235,IN,18-24,2025-08-11
236,US,18-24,2024-07-18
237,US,55+,2025-04-10
238,DE,35-44,2025-04-14
239,GB,25-34,2024-08-09
240,BR,45-54,2024-12-29
241,US,55+,2025-12-19
242,US,35-44,2025-11-22
243,DE,25-34,2025-08-07
244,DE,55+,2026-01-24
245,BR,18-24,2024-12-05
246,US,55+,2025-04-21
247,DE,35-44,2026-03-03
248,JP,18-24,2025-06-27
249,DE,25-34,2024-08-30
250,JP,45-54,2024-07-07
251,GB,45-54,2024-05-30
252,IN,18-24,2024-06-27
253,BR,45-54,2025-02-02
254,GB,55+,2024-06-23
255,IN,45-54,2024-06-03
256,IN,45-54,2025-01-13
257,US,18-24,2025-06-18
258,US,45-54,2024-05-27
259,BR,45-54,2025-06-16
260,DE,18-24,2025-12-07
261,US,25-34,2026-01-18
262,IN,55+,2025-03-02
263,IN,55+,2026-03-09
264,JP,18-24,2026-01-10
265,GB,45-54,2025-10-14
266,IN,35-44,2025-03-28
267,BR,35-44,2025-05-03
268,JP,35-44,2025-04-10
269,IN,55+,2025-04-13
270,JP,35-44,2024-05-08
271,BR,35-44,2025-11-01
272,US,45-54,2025-05-06
273,BR,35-44,2025-01-29
274,GB,55+,2025-09-23
275,DE,25-34,2025-11-27
276,IN,55+,2026-03-01
277,US,45-54,2025-08-17
278,BR,55+,2025-10-07
279,BR,25-34,2025-11-17
280,IN,35-44,2025-09-25
281,US,18-24,2024-12-02
282,DE,55+,2024-09-01
283,JP,55+,2025-04-06
284,BR,25-34,2026-02-15
285,BR,18-24,2024-11-04
286,GB,45-54,2025-12-17
287,IN,45-54,2026-02-21
288,BR,35-44,2025-03-01
289,BR,18-24,2025-06-09
290,GB,55+,2025-08-28
291,DE,35-44,2024-05-27
292,US,45-54,2026-01-29
293,GB,55+,2026-02-24
294,US,35-44,2025-02-16
295,GB,18-24,2025-06-14
296,IN,55+,2024-09-19
297,DE,45-54,2026-03-05
298,US,55+,2025-06-13
299,BR,45-54,2025-12-21
300,DE,55+,2026-03-05
301,JP,55+,2025-05-14
302,US,25-34,2024-11-05
303,US,18-24,2025-12-13
304,US,18-24,2024-08-22
305,DE,45-54,2025-04-05
306,IN,25-34,2025-05-02
307,BR,35-44,2024-06-27
308,BR,45-54,2025-08-15
309,BR,35-44,2025-11-13
310,IN,18-24,2024-09-30
311,GB,25-34,2026-01-18
312,DE,18-24,2024-08-01
313,GB,25-34,2024-09-03
314,GB,45-54,2024-05-20
315,BR,35-44,2025-05-16
316,JP,45-54,2025-01-23
317,US,18-24,2024-07-25
318,US,45-54,2026-01-01
319,US,35-44,2025-09-01
320,GB,25-34,2025-05-08
321,DE,45-54,2025-01-19
322,BR,18-24,2024-12-14
323,US,35-44,2024-06-26
324,US,35-44,2025-04-25
325,IN,18-24,2025-12-03
326,IN,55+,2025-11-21
327,IN,25-34,2024-09-20
328,US,18-24,2025-05-15
329,BR,35-44,2025-01-16
330,BR,55+,2025-03-05
331,JP,45-54,2024-09-11
332,DE,45-54,2025-11-01
333,GB,55+,2025-12-04
334,JP,18-24,2024-11-06
335,IN,35-44,2025-06-03
336,DE,25-34,2024-09-09
337,BR,45-54,2026-01-02
338,DE,55+,2025-09-24
339,US,18-24,2024-05-31
340,DE,18-24,2024-08-21
341,JP,55+,2026-02-18
342,US,35-44,2024-09-09
343,DE,25-34,2026-02-16
344,IN,18-24,2026-01-08
345,US,25-34,2024-07-14
346,BR,18-24,2026-01-04
347,GB,25-34,2025-09-04
348,US,18-24,2025-12-29
349,GB,18-24,2025-02-09
350,IN,55+,2026-02-22
351,BR,45-54,2025-09-14
352,JP,55+,2025-08-17
353,IN,25-34,2025-01-04
354,US,25-34,2025-04-20
355,JP,25-34,2025-11-19
356,JP,35-44,2025-05-13
357,BR,18-24,2025-05-17
358,BR,25-34,2025-07-29
359,JP,55+,2025-03-26
360,GB,25-34,2025-08-18
361,JP,45-54,2025-08-12
362,JP,25-34,2024-10-02
363,US,55+,2025-10-09
364,IN,45-54,2025-08-16
365,DE,55+,2025-12-25
366,BR,35-44,2024-11-30
367,JP,55+,2024-11-25
368,IN,25-34,2024-12-15
369,GB,35-44,2025-12-06
370,BR,18-24,2025-05-22
371,IN,18-24,2025-09-10
372,BR,45-54,2024-10-16
373,US,25-34,2025-08-10
374,IN,18-24,2025-06-16
375,US,25-34,2025-05-20
376,BR,25-34,2024-10-18
377,JP,45-54,2024-11-27
378,IN,18-24,2024-09-06
379,GB,18-24,2025-06-07
380,US,45-54,2024-09-07
381,BR,18-24,2024-08-02
382,BR,35-44,2025-04-01
383,JP,45-54,2024-12-13
384,GB,35-44,2024-07-06
385,US,18-24,2024-08-24
386,US,45-54,2025-09-21
387,BR,18-24,2024-11-18
388,GB,25-34,2025-05-26
389,IN,18-24,2025-12-20
390,JP,35-44,2025-07-17
391,IN,45-54,2024-05-19
392,JP,45-54,2024-06-02
393,IN,18-24,2024-09-30
394,DE,25-34,2024-05-10
395,US,18-24,2025-02-26
396,BR,25-34,2024-10-20
397,GB,25-34,2025-12-08
398,GB,45-54,2025-09-06
399,GB,45-54,2025-12-03
400,JP,55+,2024-06-16
401,US,25-34,2025-01-28
402,US,18-24,2024-06-20
403,IN,18-24,2025-06-16
404,BR,55+,2025-06-24
405,BR,55+,2024-12-16
406,DE,25-34,2025-03-02
407,IN,55+,2025-07-16
408,BR,35-44,2025-08-24
409,BR,18-24,2025-04-09
410,JP,25-34,2026-02-09
411,JP,25-34,2025-11-22
412,US,45-54,2026-03-03
413,BR,18-24,2025-12-15
414,GB,18-24,2025-11-15
415,DE,45-54,2026-02-09
416,US,25-34,2026-02-23
417,DE,25-34,2024-09-07
418,JP,55+,2025-11-26
419,DE,55+,2025-03-10
420,JP,35-44,2026-01-24
421,JP,55+,2024-06-09
422,IN,55+,2025-10-17
423,JP,35-44,2024-10-26
424,BR,55+,2025-01-09
425,GB,18-24,2024-10-12
426,DE,18-24,2025-01-18
427,DE,55+,2025-04-12
428,BR,18-24,2024-10-10
429,BR,45-54,2024-09-09
430,IN,35-44,2025-07-11
431,IN,45-54,2024-06-13
432,US,45-54,2024-05-12
433,DE,18-24,2024-11-14
434,JP,25-34,2024-06-22
435,DE,45-54,2026-01-19
436,IN,55+,2025-03-21
437,BR,55+,2025-01-02
438,GB,55+,2024-06-23
439,GB,55+,2026-01-08
440,BR,55+,2024-09-16
441,US,35-44,2026-02-08
442,DE,25-34,2025-07-26
443,US,35-44,2024-12-04
444,GB,45-54,2025-09-11
445,DE,35-44,2024-08-27
446,DE,55+,2024-06-21
447,JP,45-54,2025-12-12
448,US,25-34,2025-10-04
449,JP,55+,2026-02-10
450,BR,55+,2024-11-22
451,GB,35-44,2024-07-22
452,IN,18-24,2025-02-06
453,US,25-34,2025-12-31
454,DE,55+,2025-12-02
455,BR,18-24,2026-03-09
456,DE,35-44,2025-04-25
457,BR,45-54,2024-11-14
458,IN,25-34,2025-12-19
459,DE,55+,2024-08-18
460,JP,35-44,2025-10-08
461,GB,18-24,2025-04-08
462,JP,25-34,2024-12-22
463,IN,25-34,2025-03-21
464,JP,25-34,2025-05-03
465,BR,55+,2025-08-10
466,DE,25-34,2025-06-06
467,DE,35-44,2025-10-18
468,JP,35-44,2025-09-09
469,GB,25-34,2024-10-22
470,IN,35-44,2024-07-25
471,JP,25-34,2024-08-17
472,IN,18-24,2025-08-14
473,DE,35-44,2025-08-21
474,US,35-44,2026-02-21
475,JP,18-24,2025-09-23
476,JP,45-54,2025-02-17
477,GB,45-54,2025-09-27
478,DE,25-34,2024-11-06
479,GB,35-44,2026-02-26
480,GB,25-34,2025-06-19
481,JP,45-54,2025-09-18
482,US,18-24,2025-04-22
483,JP,45-54,2026-03-16
484,DE,18-24,2025-06-14
485,JP,18-24,2024-09-28
486,DE,25-34,2024-08-11
487,BR,18-24,2025-10-06
488,GB,35-44,2025-06-07
489,GB,18-24,2024-12-06
490,US,25-34,2025-05-13
491,US,18-24,2025-03-19
492,IN,55+,2025-08-07
493,GB,45-54,2024-08-25
494,JP,25-34,2025-01-16
495,JP,18-24,2024-05-31
496,BR,55+,2024-10-04
497,GB,45-54,2025-07-20
498,DE,55+,2025-08-16
499,BR,18-24,2026-01-31
500,IN,25-34,2025-01-22
